{"name":"Mr. Blue Block","desc":"Move your arms a minimum of 1200 meters with the song at 110% speed","songid":"1996-1392","customDownloadURL":"","difficulty":3,"modifiers":{"fastNotes":false,"songSpeed":0,"noBombs":false,"disappearingArrows":false,"strictAngles":false,"noObstacles":false,"batteryEnergy":false,"failOnSaberClash":false,"instaFail":false,"noFail":false,"noArrows":false,"ghostNotes":false,"energyType":0,"enabledObstacleType":0,"speedMul":1.1,"startTime":0.0},"requirements":[{"isMax":false,"type":"saberDistance","count":1200}],"externalModifiers":{}}