{"name":"Don't move your arms now","desc":"Miss less than 30 notes while moving your sabers less than 600m","songid":"8126-8182","customDownloadURL":"","difficulty":4,"modifiers":{"fastNotes":false,"songSpeed":0,"noBombs":false,"disappearingArrows":false,"strictAngles":false,"noObstacles":false,"batteryEnergy":false,"failOnSaberClash":false,"instaFail":false,"noFail":false,"noArrows":false,"ghostNotes":false,"energyType":0,"enabledObstacleType":0,"speedMul":1.0,"startTime":0.0},"requirements":[{"isMax":true,"type":"blocksMissed","count":30},{"isMax":true,"type":"saberDistance","count":600}],"externalModifiers":{}}