{"name":"Welcome to my slicing spree","desc":"Disappearing Arrows and fast notes must get at least 70 perfect cuts","songid":"9599-9981","customDownloadURL":"","difficulty":4,"modifiers":{"fastNotes":true,"songSpeed":0,"noBombs":false,"disappearingArrows":true,"strictAngles":false,"noObstacles":false,"batteryEnergy":false,"failOnSaberClash":false,"instaFail":false,"noFail":false,"noArrows":false,"ghostNotes":false,"energyType":0,"enabledObstacleType":0,"speedMul":1.0,"startTime":0.0},"requirements":[{"isMax":false,"type":"perfectCuts","count":70}],"externalModifiers":{}}