{"name":"Uptown Funk you up","desc":"170% speed miss less than 20 notes and get at least 30 perfect cuts (head obstacles disabled to prevent neck injury)","songid":"1962-1365","customDownloadURL":"","difficulty":3,"modifiers":{"fastNotes":false,"songSpeed":0,"noBombs":false,"disappearingArrows":false,"strictAngles":false,"noObstacles":false,"batteryEnergy":false,"failOnSaberClash":false,"instaFail":false,"noFail":false,"noArrows":false,"ghostNotes":false,"energyType":0,"enabledObstacleType":1,"speedMul":1.7,"startTime":0.0},"requirements":[{"isMax":true,"type":"blocksMissed","count":20},{"isMax":false,"type":"perfectCuts","count":30}],"externalModifiers":{}}