{"name":"Mom's Sphagetti","desc":"Complete with fast notes and get at least 60 perfect cuts","songid":"7677-7572","customDownloadURL":"","difficulty":3,"modifiers":{"fastNotes":true,"songSpeed":0,"noBombs":false,"disappearingArrows":false,"strictAngles":false,"noObstacles":false,"batteryEnergy":false,"failOnSaberClash":false,"instaFail":false,"noFail":false,"noArrows":false,"ghostNotes":false,"energyType":0,"enabledObstacleType":0,"speedMul":1.0,"startTime":0.0},"requirements":[{"isMax":false,"type":"perfectCuts","count":60}],"externalModifiers":{}}