{"name":"September 21st","desc":"Complete 121% speed and get at least 21 perfect cuts","songid":"1628-1152","customDownloadURL":"","difficulty":3,"modifiers":{"fastNotes":false,"songSpeed":0,"noBombs":false,"disappearingArrows":false,"strictAngles":false,"noObstacles":false,"batteryEnergy":false,"failOnSaberClash":false,"instaFail":false,"noFail":false,"noArrows":false,"ghostNotes":false,"energyType":0,"enabledObstacleType":0,"speedMul":1.21,"startTime":0.0},"requirements":[{"isMax":false,"type":"perfectCuts","count":21}],"externalModifiers":{}}