{
"name":"Faster Faster Faster Faster",
"desc":"Complete at 225% speed with no fail but you must get at least 10 perfect cuts",
"songid":"1183-814",
"difficulty":3,
"modifiers": {
"energyType": 0,
"disappearingArrows": false,
"strictAngles": false,
"fastNotes": false,
"noBombs": false,
"songSpeed": 0,
"failOnSaberClash": false,
"instaFail": false,
"noFail": true,
"enabledObstacleType": 0,
"batteryEnergy": false,
"speedMul": 2.25,
"startTime": 0
},
"requirements": [
{
"isMax": false,
"type":"perfectCuts",
"count":10
}
]
}