{"name":"Believer? I hardly know her","desc":"Can only miss up to 15 notes. Song at 110% speed and notes approach faster","songid":"31-11","customDownloadURL":"","difficulty":3,"modifiers":{"fastNotes":true,"songSpeed":0,"noBombs":false,"disappearingArrows":false,"strictAngles":false,"noObstacles":false,"batteryEnergy":false,"failOnSaberClash":false,"instaFail":false,"noFail":false,"noArrows":false,"ghostNotes":false,"energyType":0,"enabledObstacleType":0,"speedMul":1.1,"startTime":0.0},"requirements":[{"isMax":true,"type":"blocksMissed","count":15}],"externalModifiers":{}}