{"name":"sink to the deeper sea world","desc":"make big swings (at least 2000 meters)","songid":"7758-8922","customDownloadURL":"","difficulty":4,"modifiers":{"fastNotes":false,"songSpeed":0,"noBombs":false,"disappearingArrows":false,"strictAngles":false,"noObstacles":false,"batteryEnergy":false,"failOnSaberClash":false,"instaFail":false,"noFail":false,"noArrows":false,"ghostNotes":false,"energyType":0,"enabledObstacleType":0,"speedMul":1.0,"startTime":0.0},"requirements":[{"isMax":false,"type":"saberDistance","count":2000}],"externalModifiers":{}}