{"name":"Speedy Galaxy","desc":"150% speed and disappearing arrows must get at least a score of 520,000","songid":"5400-4825","customDownloadURL":"","difficulty":3,"modifiers":{"fastNotes":false,"songSpeed":0,"noBombs":false,"disappearingArrows":true,"strictAngles":false,"noObstacles":false,"batteryEnergy":false,"failOnSaberClash":false,"instaFail":false,"noFail":false,"noArrows":false,"ghostNotes":false,"energyType":0,"enabledObstacleType":0,"speedMul":1.5,"startTime":0.0},"requirements":[{"isMax":false,"type":"score","count":520000}],"externalModifiers":{}}