{"name":"3 Stock/No Items","desc":"133% speed. Don't miss more than 3 blocks","songid":"9008-9275","customDownloadURL":"","difficulty":3,"modifiers":{"fastNotes":false,"songSpeed":0,"noBombs":false,"disappearingArrows":false,"strictAngles":false,"noObstacles":false,"batteryEnergy":false,"failOnSaberClash":false,"instaFail":false,"noFail":false,"noArrows":false,"ghostNotes":false,"energyType":0,"enabledObstacleType":0,"speedMul":1.33,"startTime":0.0},"requirements":[{"isMax":true,"type":"blocksMissed","count":3}],"externalModifiers":{}}