{"name":"(Don't) Beat it","desc":"Beat it without beating your sabers together. Don't miss more than 15 blocks","songid":"811-535","customDownloadURL":"","difficulty":3,"modifiers":{"fastNotes":false,"songSpeed":0,"noBombs":false,"disappearingArrows":false,"strictAngles":false,"noObstacles":false,"batteryEnergy":false,"failOnSaberClash":true,"instaFail":false,"noFail":false,"noArrows":false,"ghostNotes":false,"energyType":0,"enabledObstacleType":0,"speedMul":1.0,"startTime":0.0},"requirements":[{"isMax":true,"type":"blocksMissed","count":15}],"externalModifiers":{}}