{"name":"Bomb Realms","desc":"Complete without hitting a bomb and get at least 25 perfect cuts","songid":"8312-8402","customDownloadURL":"","difficulty":4,"modifiers":{"fastNotes":false,"songSpeed":0,"noBombs":false,"disappearingArrows":false,"strictAngles":false,"noObstacles":false,"batteryEnergy":false,"failOnSaberClash":false,"instaFail":false,"noFail":false,"noArrows":false,"ghostNotes":false,"energyType":0,"enabledObstacleType":0,"speedMul":1.0,"startTime":0.0},"requirements":[{"isMax":true,"type":"bombsHit","count":0},{"isMax":false,"type":"perfectCuts","count":25}],"externalModifiers":{}}