{"name":"Sample Campaign","backgroundAlpha":0.5,"desc":"Sample test campaign","allUnlocked":false,"mapPositions":[{"childNodes":[1,4],"x":49.0,"y":955.0,"scale":1.0,"letterPortion":"","numberPortion":1},{"childNodes":[2,3],"x":90.0,"y":852.0,"scale":1.0,"letterPortion":"a","numberPortion":2},{"childNodes":[5,14],"x":9.0,"y":734.0,"scale":1.0,"letterPortion":"b","numberPortion":3},{"childNodes":[],"x":19.0,"y":879.0,"scale":1.0,"letterPortion":"a","numberPortion":3},{"childNodes":[5],"x":-75.0,"y":897.0,"scale":1.0,"letterPortion":"b","numberPortion":2},{"childNodes":[6],"x":-69.0,"y":643.0,"scale":1.0,"letterPortion":"c","numberPortion":3},{"childNodes":[9],"x":-10.0,"y":581.0,"scale":1.0,"letterPortion":"b","numberPortion":4},{"childNodes":[10],"x":49.0,"y":502.0,"scale":1.0,"letterPortion":"a","numberPortion":5},{"childNodes":[],"x":-70.0,"y":111.0,"scale":1.0,"letterPortion":"a","numberPortion":8},{"childNodes":[12],"x":-83.0,"y":449.0,"scale":1.0,"letterPortion":"b","numberPortion":5},{"childNodes":[11],"x":93.0,"y":349.0,"scale":1.0,"letterPortion":"a","numberPortion":6},{"childNodes":[8,13],"x":33.0,"y":171.0,"scale":1.0,"letterPortion":"","numberPortion":7},{"childNodes":[11],"x":14.0,"y":417.0,"scale":1.0,"letterPortion":"b","numberPortion":6},{"childNodes":[],"x":82.0,"y":53.0,"scale":1.0,"letterPortion":"b","numberPortion":8},{"childNodes":[7],"x":81.0,"y":607.0,"scale":1.0,"letterPortion":"a","numberPortion":4}],"unlockGate":[{"clearsToPass":10,"x":0.0,"y":215.0},{"clearsToPass":3,"x":0.0,"y":810.0}],"mapHeight":1000}